ユーザーコード,ユーザー名,グループ名,アラート判定,アイコン,出退勤区分,状況解説,最新出勤日時,最新退勤日時,スポット作成数,総打刻数,出勤,勤務終了,ルート自動記録,アポ獲得,訪問（アポインター）,訪問結果（クローザー）,アポ後確依頼,シミュレーション依頼,アポインターメモ,東京都補助金 事前申請,新規商談（クローザー：6/24～直販テスト）,訪問結果（クローザー：6/24～直販テスト）,再商談（クローザー：6/24～直販テスト）,再商談結果（クローザー：6/24～直販テスト）,東京都補助金 事前申請変更依頼,報告種別（最新）,最新報告日時,報告日に出退勤記録なし,長期放置日数,勤怠つけっぱなし疑い
a0931,クートユー　ウィスット,関東エリア,要対応,🚨,出勤放置中,2026-10-03 18:59:32に出勤後、145.8時間経過しても退勤報告なし,2026-10-03 18:59:32,2026-10-01 18:42:28,0,,,,0,,,,,,,,,,,,,,,,6,FALSE
a0945,ボンドアレキサンダー龍,北海道エリア,正常,,退勤済み,2026-10-04 21:58:14に退勤,2026-10-04 15:33:02,2026-10-04 21:58:14,0,,,,0,,,,,,,,,,,,,,,,,FALSE
a0809,一ノ瀬文哉,関東エリア,要対応,🚨,出勤放置中,2026-10-09 11:03:31に出勤後、9.7時間経過しても退勤報告なし,2026-10-09 11:03:31,2026-10-08 22:01:22,0,,,,0,,,,,,,,,,,,,,,,,FALSE
a0562,一木亮太,関東エリア,正常,,退勤済み,2026-10-04 20:08:17に退勤,2026-10-04 12:33:28,2026-10-04 20:08:17,0,,,,0,,,,,,,,,,,,,,,,,FALSE
a0062,三好雄太,東海エリア,正常,,退勤済み,2026-10-09 20:43:21に退勤,2026-10-09 18:57:46,2026-10-09 20:43:21,0,,,,0,,,,,,,,,,,,,,,,,FALSE
a0443,三宅祐太,東北エリア,要対応,🚨,出勤放置中,2026-10-09 17:13:59に出勤後、3.5時間経過しても退勤報告なし,2026-10-09 17:13:59,2026-10-08 20:47:26,0,,,,0,,,,,,,,,,,,,,,,,FALSE
a0065,上田洋平,東海エリア,正常,,退勤済み,2026-10-09 20:05:09に退勤,2026-10-09 17:43:20,2026-10-09 20:05:09,0,,,,0,,,,,,,,,,,,,,,,,FALSE
a0858,上野滉己,東海エリア,要対応,🚨,出勤放置中,2026-10-09 09:29:50に出勤後、11.3時間経過しても退勤報告なし,2026-10-09 09:29:50,2026-10-08 20:46:31,0,,,,0,,,,,,,,,,,,,,,,,FALSE
a0999,中島健人,東海エリア,正常,,退勤済み,2026-10-08 22:51:31に退勤,2026-10-08 09:43:49,2026-10-08 22:51:31,0,,,,0,,,,,,,,,,,,,,,,,FALSE
a0552,中島将暢,東海エリア,正常,,退勤済み,2026-10-09 19:12:45に退勤,2026-10-09 10:17:45,2026-10-09 19:12:45,0,,,,0,,,,,,,,,,,,,,,,,FALSE
a0429,中川魁人,関東エリア,要対応,🚨,出勤放置中,2026-10-09 13:23:52に出勤後、7.4時間経過しても退勤報告なし,2026-10-09 13:23:52,2026-10-08 22:37:54,0,,,,0,,,,,,,,,,,,,,,,,FALSE
a0974,中野皓雅,関東エリア,正常,,退勤済み,2026-10-09 20:08:55に退勤,2026-10-09 14:57:41,2026-10-09 20:08:55,0,,,,0,,,,,,,,,,,,,,,,,FALSE
a0428,久保海飛,関東エリア,正常,,出勤中,2026-10-09 20:18:15に出勤（退勤報告待ち）,2026-10-09 20:18:15,2026-10-08 21:05:56,0,,,,0,,,,,,,,,,,,,,,,,FALSE
a0776,五十嵐聖,関東エリア,正常,,退勤済み,2026-10-09 20:02:10に退勤,2026-10-09 17:33:30,2026-10-09 20:02:10,0,,,,0,,,,,,,,,,,,,,,,,FALSE
a0096,井上務,東海エリア,正常,,出勤中,2026-10-09 18:20:03に出勤（退勤報告待ち）,2026-10-09 18:20:03,2026-10-07 22:30:32,0,,,,0,,,,,,,,,,,,,,,,,FALSE
a0805,井上太治朗,北海道エリア,正常,,退勤済み,2026-10-06 16:18:03に退勤,2026-10-06 14:15:40,2026-10-06 16:18:03,0,,,,0,,,,,,,,,,,,,,,,,FALSE
a0384,井本優良,関東エリア,正常,,退勤済み,2026-10-05 16:57:11に退勤,2026-10-04 17:11:00,2026-10-05 16:57:11,0,,,,0,,,,,,,,,,,,,,,,,FALSE
a0981,井田勝海,関東エリア,正常,,退勤済み,2026-09-06 19:27:34に退勤,2026-09-06 13:45:50,2026-09-06 19:27:34,0,,,,0,,,,,,,,,,,,,,,,,FALSE
a0741,伊井大陽,関東エリア,正常,,退勤済み,2026-10-08 18:55:58に退勤,2026-10-08 15:42:14,2026-10-08 18:55:58,0,,,,0,,,,,,,,,,,,,,,,,FALSE
a0862,伊木裕二,九州エリア,要対応,🚨,出勤放置中,2026-09-29 14:21:13に出勤後、246.4時間経過しても退勤報告なし,2026-09-29 14:21:13,2026-09-23 19:24:06,0,,,,0,,,,,,,,,,,,,,,,10,FALSE
a0545,伊藤圭佑,関東エリア,正常,,退勤済み,2026-10-09 18:46:17に退勤,2026-10-09 15:43:22,2026-10-09 18:46:17,0,,,,0,,,,,,,,,,,,,,,,,FALSE
a0265,伊藤樹優,東海エリア,正常,,退勤済み,2026-09-24 12:59:51に退勤,2026-09-24 10:58:17,2026-09-24 12:59:51,0,,,,0,,,,,,,,,,,,,,,,,FALSE
a0214,伊藤蓮,東海エリア,正常,,退勤済み,2026-10-09 19:32:53に退勤,2026-10-09 14:27:48,2026-10-09 19:32:53,0,,,,0,,,,,,,,,,,,,,,,,FALSE
a0539,伴瑛志郎,東海エリア,正常,,退勤済み,2026-10-04 17:56:52に退勤,2026-10-04 13:38:47,2026-10-04 17:56:52,0,,,,0,,,,,,,,,,,,,,,,,FALSE
a0884,佐々木蓮,関東エリア,要対応,🚨,出勤放置中,2026-10-09 11:20:09に出勤後、9.4時間経過しても退勤報告なし,2026-10-09 11:20:09,2026-10-08 22:54:22,0,,,,0,,,,,,,,,,,,,,,,,FALSE
a0979,佐々木阿要,関東エリア,正常,,退勤済み,2026-10-09 19:09:01に退勤,2026-10-09 12:05:31,2026-10-09 19:09:01,0,,,,0,,,,,,,,,,,,,,,,,FALSE
a1002,佐藤圭将,関東エリア,正常,,退勤済み,2026-10-08 22:01:33に退勤,2026-10-08 16:02:13,2026-10-08 22:01:33,0,,,,0,,,,,,,,,,,,,,,,,FALSE
a0730,佐藤大,東北エリア,正常,,退勤済み,2026-10-01 20:29:35に退勤,2026-10-01 14:20:22,2026-10-01 20:29:35,0,,,,0,,,,,,,,,,,,,,,,,FALSE
a0907,佐藤海斗,東北エリア,正常,,退勤済み,2026-10-05 16:48:42に退勤,2026-10-03 09:56:51,2026-10-05 16:48:42,0,,,,0,,,,,,,,,,,,,,,,,FALSE
a0937,佐藤響,東海エリア,正常,,退勤済み,2026-10-09 20:23:55に退勤,2026-10-09 14:34:02,2026-10-09 20:23:55,0,,,,0,,,,,,,,,,,,,,,,,FALSE
a0934,佐野允秋,関東エリア,正常,,退勤済み,2026-10-09 19:20:22に退勤,2026-10-09 12:42:22,2026-10-09 19:20:22,0,,,,0,,,,,,,,,,,,,,,,,FALSE
a0759,信國謙太朗,東北エリア,正常,,退勤済み,2026-10-03 19:13:33に退勤,2026-10-03 18:21:16,2026-10-03 19:13:33,0,,,,0,,,,,,,,,,,,,,,,,FALSE
a0845,冨澤彪,関東エリア,正常,,退勤済み,2026-10-05 17:58:28に退勤,2026-10-05 12:12:46,2026-10-05 17:58:28,0,,,,0,,,,,,,,,,,,,,,,,FALSE
a0787,原口慎太郎,関東エリア,正常,,退勤済み,2026-10-05 19:55:04に退勤,2026-10-05 16:36:21,2026-10-05 19:55:04,0,,,,0,,,,,,,,,,,,,,,,,FALSE
a0938,原未希斗,九州エリア,正常,,退勤済み,2026-10-09 20:30:05に退勤,2026-10-09 09:55:28,2026-10-09 20:30:05,0,,,,0,,,,,,,,,,,,,,,,,FALSE
a0850,吉田悠太,東海エリア,正常,,退勤済み,2026-10-04 19:32:13に退勤,2026-10-04 13:30:00,2026-10-04 19:32:13,0,,,,0,,,,,,,,,,,,,,,,,FALSE
a0927,吉田龍吾,東海エリア,要対応,🚨,出勤放置中,2026-10-09 09:06:29に出勤後、11.7時間経過しても退勤報告なし,2026-10-09 09:06:29,2026-10-08 21:15:02,0,,,,0,,,,,,,,,,,,,,,,,FALSE
a0863,嘉数龍磨,九州エリア,正常,,退勤済み,2026-10-08 21:43:55に退勤,2026-10-08 12:11:42,2026-10-08 21:43:55,0,,,,0,,,,,,,,,,,,,,,,,FALSE
a1004,塚本静菜,関東エリア,正常,,退勤済み,2026-10-09 10:19:47に退勤,2026-10-08 19:14:00,2026-10-09 10:19:47,0,,,,0,,,,,,,,,,,,,,,,,FALSE
a0992,大井俊樹,東海エリア,要対応,🚨,出勤放置中,2026-10-09 10:43:11に出勤後、10.0時間経過しても退勤報告なし,2026-10-09 10:43:11,2026-10-08 21:01:23,0,,,,0,,,,,,,,,,,,,,,,,FALSE
a0055,大原颯太,関東エリア,要対応,🚨,出勤放置中,2026-10-09 14:03:56に出勤後、6.7時間経過しても退勤報告なし,2026-10-09 14:03:56,2026-10-04 22:02:04,0,,,,0,,,,,,,,,,,,,,,,,FALSE
a0020,大城太希,東海エリア,正常,,退勤済み,2026-09-17 12:16:31に退勤,2026-09-17 12:06:00,2026-09-17 12:16:31,0,,,,0,,,,,,,,,,,,,,,,,FALSE
a0985,大城翔太,九州エリア,正常,,退勤済み,2026-10-09 20:40:14に退勤,2026-10-09 13:04:46,2026-10-09 20:40:14,0,,,,0,,,,,,,,,,,,,,,,,FALSE
a0928,大塚祝桜,関東エリア,正常,,退勤済み,2026-10-04 22:04:25に退勤,2026-10-04 12:51:54,2026-10-04 22:04:25,0,,,,0,,,,,,,,,,,,,,,,,FALSE
a0968,大橋飛翔,関東エリア,正常,,退勤済み,2026-10-09 20:35:50に退勤,2026-10-09 18:26:19,2026-10-09 20:35:50,0,,,,0,,,,,,,,,,,,,,,,,FALSE
a0899,大谷勇斗,東海エリア,要対応,🚨,出勤放置中,2026-10-09 12:27:32に出勤後、8.3時間経過しても退勤報告なし,2026-10-09 12:27:32,2026-10-08 20:39:33,0,,,,0,,,,,,,,,,,,,,,,,FALSE
a0993,奥村亮介,関東エリア,正常,,退勤済み,2026-10-09 19:31:59に退勤,2026-10-09 14:28:13,2026-10-09 19:31:59,0,,,,0,,,,,,,,,,,,,,,,,FALSE
a0729,安冨龍治,東北エリア,正常,,出勤中,2026-10-09 19:01:59に出勤（退勤報告待ち）,2026-10-09 19:01:59,2026-10-09 19:01:52,0,,,,0,,,,,,,,,,,,,,,,,FALSE
a0568,安藤壮吾,東海エリア,正常,,退勤済み,2026-10-09 20:30:10に退勤,2026-10-09 15:41:06,2026-10-09 20:30:10,0,,,,0,,,,,,,,,,,,,,,,,FALSE
a0012,安藤大晃,東海エリア,正常,,退勤済み,2026-09-26 13:33:33に退勤,2026-09-26 10:11:01,2026-09-26 13:33:33,0,,,,0,,,,,,,,,,,,,,,,,FALSE
a0986,宍戸玲央,関東エリア,正常,,退勤済み,2026-10-09 19:47:42に退勤,2026-10-09 17:04:13,2026-10-09 19:47:42,0,,,,0,,,,,,,,,,,,,,,,,FALSE
a0242,富田健斗,四国エリア,要対応,🚨,出勤放置中,2026-10-09 16:38:11に出勤後、4.1時間経過しても退勤報告なし,2026-10-09 16:38:11,2026-10-09 16:38:02,0,,,,0,,,,,,,,,,,,,,,,,FALSE
,小宮山 京介,cyzenユーザー説明会,要対応,🚨,出勤放置中,2026-09-18 18:42:08に出勤後、506.1時間経過しても退勤報告なし,2026-09-18 18:42:08,2026-09-09 17:30:30,0,,,,0,,,,,,,,,,,,,,,,21,FALSE
a0582,小山元気,東海エリア,正常,,退勤済み,2026-10-04 17:08:18に退勤,2026-10-04 09:40:45,2026-10-04 17:08:18,0,,,,0,,,,,,,,,,,,,,,,,FALSE
a0775,小島克哉,関東エリア,正常,,退勤済み,2026-10-05 17:48:05に退勤,2026-10-05 17:29:41,2026-10-05 17:48:05,0,,,,0,,,,,,,,,,,,,,,,,FALSE
a0660,小林周平,東北エリア,要対応,🚨,出勤放置中,2026-10-09 10:48:34に出勤後、10.0時間経過しても退勤報告なし,2026-10-09 10:48:34,2026-10-09 10:44:58,0,,,,0,,,,,,,,,,,,,,,,,FALSE
a0982,小林巧,関東エリア,正常,,退勤済み,2026-10-09 20:22:07に退勤,2026-10-09 14:29:25,2026-10-09 20:22:07,0,,,,0,,,,,,,,,,,,,,,,,FALSE
a0025,小林祐真,東海エリア,正常,,退勤済み,2026-10-04 16:23:30に退勤,2026-10-04 13:07:45,2026-10-04 16:23:30,0,,,,0,,,,,,,,,,,,,,,,,FALSE
a0753,小野龍一,九州エリア,正常,,退勤済み,2026-10-09 20:30:03に退勤,2026-10-09 11:02:29,2026-10-09 20:30:03,0,,,,0,,,,,,,,,,,,,,,,,FALSE
a0971,尾方直樹,関東エリア,正常,,退勤済み,2026-10-09 19:35:52に退勤,2026-10-09 12:33:18,2026-10-09 19:35:52,0,,,,0,,,,,,,,,,,,,,,,,FALSE
a0156,尾関鎮,東海エリア,正常,,退勤済み,2026-10-09 19:40:17に退勤,2026-10-09 15:14:34,2026-10-09 19:40:17,0,,,,0,,,,,,,,,,,,,,,,,FALSE
a0706,山下翔平,東海エリア,要対応,🚨,出勤放置中,2026-10-09 10:49:44に出勤後、9.9時間経過しても退勤報告なし,2026-10-09 10:49:44,2026-10-08 22:07:24,0,,,,0,,,,,,,,,,,,,,,,,FALSE
a0104,山口裕馬,関東エリア,正常,,退勤済み,2026-10-09 19:02:23に退勤,2026-10-09 15:11:06,2026-10-09 19:02:23,0,,,,0,,,,,,,,,,,,,,,,,FALSE
a0865,山城輝人,九州エリア,正常,,退勤済み,2026-10-08 19:44:16に退勤,2026-10-08 17:36:54,2026-10-08 19:44:16,0,,,,0,,,,,,,,,,,,,,,,,FALSE
a0959,山本涼斗,関東エリア,正常,,退勤済み,2026-10-02 17:43:36に退勤,2026-10-02 17:05:37,2026-10-02 17:43:36,0,,,,0,,,,,,,,,,,,,,,,,FALSE
a0910,山里泰聖,関東エリア,正常,,退勤済み,2026-10-09 20:04:01に退勤,2026-10-09 15:43:04,2026-10-09 20:04:01,0,,,,0,,,,,,,,,,,,,,,,,FALSE
a0909,岡元莉輝,東海エリア,要対応,🚨,出勤放置中,2026-10-09 11:09:46に出勤後、9.6時間経過しても退勤報告なし,2026-10-09 11:09:46,2026-10-08 21:20:27,0,,,,0,,,,,,,,,,,,,,,,,FALSE
a0368,岩本顕,九州エリア,正常,,退勤済み,2026-09-27 18:46:07に退勤,2026-09-27 18:44:15,2026-09-27 18:46:07,0,,,,0,,,,,,,,,,,,,,,,,FALSE
a0022,川上留以,東海エリア,正常,,退勤済み,2026-10-09 17:39:31に退勤,2026-10-09 10:28:45,2026-10-09 17:39:31,0,,,,0,,,,,,,,,,,,,,,,,FALSE
a0880,平山沙羅,関東エリア,正常,,退勤済み,2026-10-04 18:46:13に退勤,2026-10-04 10:23:57,2026-10-04 18:46:13,0,,,,0,,,,,,,,,,,,,,,,,FALSE
a0755,後藤晃祐,東北エリア,要対応,🚨,出勤放置中,2026-10-09 17:31:56に出勤後、3.2時間経過しても退勤報告なし,2026-10-09 17:31:56,2026-10-08 19:31:11,0,,,,0,,,,,,,,,,,,,,,,,FALSE
a0240,徳永優太,関西エリア,要対応,🚨,出勤放置中,2026-10-04 18:49:47に出勤後、121.9時間経過しても退勤報告なし,2026-10-04 18:49:47,2026-09-28 10:51:47,0,,,,0,,,,,,,,,,,,,,,,5,FALSE
a0904,恩田哉人,東海エリア,要対応,🚨,出勤放置中,2026-10-09 09:56:01に出勤後、10.8時間経過しても退勤報告なし,2026-10-09 09:56:01,2026-10-08 22:27:58,0,,,,0,,,,,,,,,,,,,,,,,FALSE
a0721,我妻拓馬,東海エリア,正常,,退勤済み,2026-10-03 19:38:30に退勤,2026-10-03 15:19:31,2026-10-03 19:38:30,0,,,,0,,,,,,,,,,,,,,,,,FALSE
a0124,星崎政和,東海エリア,正常,,退勤済み,2026-10-04 20:31:52に退勤,2026-10-04 12:16:24,2026-10-04 20:31:52,0,,,,0,,,,,,,,,,,,,,,,,FALSE
a0808,春日柚樹也,東海エリア,要対応,🚨,出勤放置中,2026-10-09 11:50:58に出勤後、8.9時間経過しても退勤報告なし,2026-10-09 11:50:58,2026-10-07 22:06:36,0,,,,0,,,,,,,,,,,,,,,,,FALSE
a0881,曽我部千稜,九州エリア,正常,,退勤済み,2026-10-09 19:01:23に退勤,2026-10-09 17:01:59,2026-10-09 19:01:23,0,,,,0,,,,,,,,,,,,,,,,,FALSE
a0484,木村瞭太,東海エリア,正常,,退勤済み,2026-10-09 20:19:06に退勤,2026-10-09 12:27:44,2026-10-09 20:19:06,0,,,,0,,,,,,,,,,,,,,,,,FALSE
a0713,末吉剛大,東海エリア,正常,,退勤済み,2026-10-09 20:40:44に退勤,2026-10-09 16:43:53,2026-10-09 20:40:44,0,,,,0,,,,,,,,,,,,,,,,,FALSE
a0358,杉山大樹,関東エリア,正常,,出勤中,2026-10-09 19:34:09に出勤（退勤報告待ち）,2026-10-09 19:34:09,2026-09-25 14:44:05,0,,,,0,,,,,,,,,,,,,,,,,FALSE
a0911,松岡諒,関東エリア,正常,,退勤済み,2026-10-02 16:18:10に退勤,2026-10-02 15:26:35,2026-10-02 16:18:10,0,,,,0,,,,,,,,,,,,,,,,,FALSE
a0640,板倉崇晃,東海エリア,要対応,🚨,出勤放置中,2026-09-26 18:07:01に出勤後、314.6時間経過しても退勤報告なし,2026-09-26 18:07:01,2026-09-22 17:30:45,0,,,,0,,,,,,,,,,,,,,,,13,FALSE
a0501,林起基,関東エリア,正常,,退勤済み,2026-09-08 22:01:37に退勤,2026-09-08 10:52:38,2026-09-08 22:01:37,0,,,,0,,,,,,,,,,,,,,,,,FALSE
a0492,栗山裕仁,九州エリア,正常,,退勤済み,2026-10-09 00:18:53に退勤,2026-10-08 14:19:12,2026-10-09 00:18:53,0,,,,0,,,,,,,,,,,,,,,,,FALSE
a0844,森井桃花,九州エリア,正常,,退勤済み,2026-09-24 10:36:40に退勤,2026-09-23 14:44:32,2026-09-24 10:36:40,0,,,,0,,,,,,,,,,,,,,,,,FALSE
a0946,森山貴成,北海道エリア,正常,,退勤済み,2026-10-09 18:11:45に退勤,2026-10-09 14:32:09,2026-10-09 18:11:45,0,,,,0,,,,,,,,,,,,,,,,,FALSE
a0591,楢岡大樹,関東エリア,要対応,🚨,出勤放置中,2026-10-09 15:22:31に出勤後、5.4時間経過しても退勤報告なし,2026-10-09 15:22:31,2026-10-02 19:18:45,0,,,,0,,,,,,,,,,,,,,,,,FALSE
a0707,樋田蒼生,東海エリア,正常,,退勤済み,2026-10-04 22:01:19に退勤,2026-10-04 11:19:38,2026-10-04 22:01:19,0,,,,0,,,,,,,,,,,,,,,,,FALSE
a0703,横山藍己,東海エリア,正常,,退勤済み,2026-09-26 22:01:24に退勤,2026-09-26 13:50:25,2026-09-26 22:01:24,0,,,,0,,,,,,,,,,,,,,,,,FALSE
a0264,横山豪,東海エリア,正常,,退勤済み,2026-10-09 20:29:36に退勤,2026-10-09 12:34:31,2026-10-09 20:29:36,0,,,,0,,,,,,,,,,,,,,,,,FALSE
a0635,横田哲士,関東エリア,正常,,退勤済み,2026-10-09 19:37:26に退勤,2026-10-09 16:27:18,2026-10-09 19:37:26,0,,,,0,,,,,,,,,,,,,,,,,FALSE
a0366,橋口航大,九州エリア,正常,,退勤済み,2026-10-09 20:30:32に退勤,2026-10-09 15:14:30,2026-10-09 20:30:32,0,,,,0,,,,,,,,,,,,,,,,,FALSE
a0856,武本遼,東北エリア,要対応,🚨,出勤放置中,2026-10-09 12:17:14に出勤後、8.5時間経過しても退勤報告なし,2026-10-09 12:17:14,2026-10-09 10:09:14,0,,,,0,,,,,,,,,,,,,,,,,FALSE
a0701,武村皓,東海エリア,正常,,退勤済み,2026-09-12 20:21:36に退勤,2026-09-12 13:34:20,2026-09-12 20:21:36,0,,,,0,,,,,,,,,,,,,,,,,FALSE
a0887,水谷智哉,東海エリア,要対応,🚨,出勤放置中,2026-10-09 10:50:39に出勤後、9.9時間経過しても退勤報告なし,2026-10-09 10:50:39,2026-10-08 20:03:09,0,,,,0,,,,,,,,,,,,,,,,,FALSE
a0829,江崎 仁,東海エリア,正常,,退勤済み,2026-09-21 18:18:32に退勤,2026-09-21 12:23:42,2026-09-21 18:18:32,0,,,,0,,,,,,,,,,,,,,,,,FALSE
a0440,池田康彦,関東エリア,正常,,退勤済み,2026-10-09 19:40:05に退勤,2026-10-09 17:28:35,2026-10-09 19:40:05,0,,,,0,,,,,,,,,,,,,,,,,FALSE
a0889,河本一樹,四国エリア,正常,,退勤済み,2026-10-03 20:13:54に退勤,2026-10-03 09:30:46,2026-10-03 20:13:54,0,,,,0,,,,,,,,,,,,,,,,,FALSE
a0370,浅井詩音,九州エリア,未打刻,,未打刻,対象期間内に出勤報告なし,,2026-09-27 22:48:17,0,,,,0,,,,,,,,,,,,,,,,,FALSE
a0980,渕上聖樹,関東エリア,正常,,退勤済み,2026-09-24 13:24:50に退勤,2026-09-24 13:24:30,2026-09-24 13:24:50,0,,,,0,,,,,,,,,,,,,,,,,FALSE
a0958,濱田真之介,関東エリア,正常,,退勤済み,2026-10-09 19:36:55に退勤,2026-10-09 16:50:05,2026-10-09 19:36:55,0,,,,0,,,,,,,,,,,,,,,,,FALSE
a0095,濱田裕大,関東エリア,要対応,🚨,出勤放置中,2026-10-09 13:02:14に出勤後、7.7時間経過しても退勤報告なし,2026-10-09 13:02:14,2026-10-08 22:03:55,0,,,,0,,,,,,,,,,,,,,,,,FALSE
a0146,熊谷康佑,東北エリア,正常,,退勤済み,2026-10-04 14:45:30に退勤,2026-10-04 14:09:04,2026-10-04 14:45:30,0,,,,0,,,,,,,,,,,,,,,,,FALSE
a0996,田代めぐみ,関東エリア,正常,,退勤済み,2026-09-29 16:42:37に退勤,2026-09-29 15:22:56,2026-09-29 16:42:37,0,,,,0,,,,,,,,,,,,,,,,,FALSE
a0886,由地光輝,北海道エリア,正常,,退勤済み,2026-10-06 22:01:18に退勤,2026-10-06 14:24:28,2026-10-06 22:01:18,0,,,,0,,,,,,,,,,,,,,,,,FALSE
a0019,白方誠人,東海エリア,正常,,退勤済み,2026-10-01 10:49:13に退勤,2026-09-30 17:15:37,2026-10-01 10:49:13,0,,,,0,,,,,,,,,,,,,,,,,FALSE
a0638,百瀬遥輝,東海エリア,要対応,🚨,出勤放置中,2026-10-09 10:44:16に出勤後、10.0時間経過しても退勤報告なし,2026-10-09 10:44:16,2026-10-08 21:13:12,0,,,,0,,,,,,,,,,,,,,,,,FALSE
a0816,石井勝己,東海エリア,要対応,🚨,出勤放置中,2026-10-07 18:27:54に出勤後、50.3時間経過しても退勤報告なし,2026-10-07 18:27:54,2026-10-03 22:06:44,0,,,,0,,,,,,,,,,,,,,,,2,FALSE
a0117,石山大河,東海エリア,正常,,退勤済み,2026-10-08 22:44:01に退勤,2026-10-08 15:14:04,2026-10-08 22:44:01,0,,,,0,,,,,,,,,,,,,,,,,FALSE
a0734,石川平馬,関東エリア,正常,,退勤済み,2026-10-04 17:25:09に退勤,2026-10-04 15:50:20,2026-10-04 17:25:09,0,,,,0,,,,,,,,,,,,,,,,,FALSE
a0892,石橋優翔,関東エリア,正常,,退勤済み,2026-10-09 19:36:50に退勤,2026-10-09 15:24:42,2026-10-09 19:36:50,0,,,,0,,,,,,,,,,,,,,,,,FALSE
a0930,福島幸也,関東エリア,正常,,退勤済み,2026-10-08 20:07:43に退勤,2026-10-08 15:38:16,2026-10-08 20:07:43,0,,,,0,,,,,,,,,,,,,,,,,FALSE
a0684,篠優,関東エリア,正常,,退勤済み,2026-10-09 19:54:44に退勤,2026-10-09 16:29:02,2026-10-09 19:54:44,0,,,,0,,,,,,,,,,,,,,,,,FALSE
a0763,篠田直己,関東エリア,正常,,退勤済み,2026-09-12 22:00:46に退勤,2026-09-12 18:42:22,2026-09-12 22:00:46,0,,,,0,,,,,,,,,,,,,,,,,FALSE
a0338,胡木真吾,東北エリア,正常,,退勤済み,2026-10-04 22:01:22に退勤,2026-10-04 11:42:50,2026-10-04 22:01:22,0,,,,0,,,,,,,,,,,,,,,,,FALSE
a0774,若井勇人,北海道エリア,正常,,退勤済み,2026-10-04 19:44:21に退勤,2026-10-04 10:23:17,2026-10-04 19:44:21,0,,,,0,,,,,,,,,,,,,,,,,FALSE
a0668,若山峻護,東海エリア,正常,,退勤済み,2026-10-09 20:03:00に退勤,2026-10-09 19:11:36,2026-10-09 20:03:00,0,,,,0,,,,,,,,,,,,,,,,,FALSE
a0425,落合汐里,中国エリア,正常,,退勤済み,2026-09-25 18:43:56に退勤,2026-09-21 17:15:53,2026-09-25 18:43:56,0,,,,0,,,,,,,,,,,,,,,,,FALSE
a0941,落水田匡平,九州エリア,要対応,🚨,出勤放置中,2026-10-09 11:29:51に出勤後、9.3時間経過しても退勤報告なし,2026-10-09 11:29:51,2026-10-04 18:07:17,0,,,,0,,,,,,,,,,,,,,,,,FALSE
a0424,藤田千絢,四国エリア,正常,,退勤済み,2026-10-05 21:49:13に退勤,2026-10-05 12:44:58,2026-10-05 21:49:13,0,,,,0,,,,,,,,,,,,,,,,,FALSE
a0811,西田勇海,関東エリア,正常,,退勤済み,2026-09-28 19:58:25に退勤,2026-09-28 19:57:47,2026-09-28 19:58:25,0,,,,0,,,,,,,,,,,,,,,,,FALSE
a0493,角谷成映,九州エリア,正常,,退勤済み,2026-09-10 19:05:37に退勤,2026-09-10 16:00:47,2026-09-10 19:05:37,0,,,,0,,,,,,,,,,,,,,,,,FALSE
a0897,辻坂修太朗,東海エリア,要対応,🚨,出勤放置中,2026-10-09 10:04:14に出勤後、10.7時間経過しても退勤報告なし,2026-10-09 10:04:14,2026-10-08 22:03:46,0,,,,0,,,,,,,,,,,,,,,,,FALSE
a0973,込山大貴,関東エリア,正常,,退勤済み,2026-10-07 18:04:06に退勤,2026-10-07 14:53:23,2026-10-07 18:04:06,0,,,,0,,,,,,,,,,,,,,,,,FALSE
a0634,野中大生,関東エリア,正常,,退勤済み,2026-10-04 18:54:05に退勤,2026-10-03 11:09:26,2026-10-04 18:54:05,0,,,,0,,,,,,,,,,,,,,,,,FALSE
a0970,野口英貴,関東エリア,正常,,退勤済み,2026-10-09 19:36:21に退勤,2026-10-09 15:29:15,2026-10-09 19:36:21,0,,,,0,,,,,,,,,,,,,,,,,FALSE
a0864,野村俊介,九州エリア,正常,,退勤済み,2026-09-17 20:06:25に退勤,2026-09-17 19:42:14,2026-09-17 20:06:25,0,,,,0,,,,,,,,,,,,,,,,,FALSE
a0015,野﨑太志,東海エリア,正常,,退勤済み,2026-09-26 11:18:29に退勤,2026-09-26 11:17:35,2026-09-26 11:18:29,0,,,,0,,,,,,,,,,,,,,,,,FALSE
a0957,鈴木崇,関東エリア,正常,,退勤済み,2026-10-09 18:44:34に退勤,2026-10-09 14:58:24,2026-10-09 18:44:34,0,,,,0,,,,,,,,,,,,,,,,,FALSE
a0964,鈴木琉斗,東海エリア,正常,,出勤中,2026-10-09 18:12:00に出勤（退勤報告待ち）,2026-10-09 18:12:00,2026-10-08 21:03:43,0,,,,0,,,,,,,,,,,,,,,,,FALSE
a0900,鈴木虎春,東海エリア,正常,,退勤済み,2026-09-26 00:50:15に退勤,2026-09-25 20:48:52,2026-09-26 00:50:15,0,,,,0,,,,,,,,,,,,,,,,,FALSE
a0932,鈴木隆一,関東エリア,正常,,退勤済み,2026-09-28 18:00:39に退勤,2026-09-28 16:36:29,2026-09-28 18:00:39,0,,,,0,,,,,,,,,,,,,,,,,FALSE
a0285,鈴木隆輔,東海エリア,正常,,退勤済み,2026-10-07 12:25:53に退勤,2026-10-07 09:02:12,2026-10-07 12:25:53,0,,,,0,,,,,,,,,,,,,,,,,FALSE
a0385,長井登和,東海エリア,要対応,🚨,出勤放置中,2026-09-20 17:19:41に出勤後、459.4時間経過しても退勤報告なし,2026-09-20 17:19:41,2026-09-20 17:19:35,0,,,,0,,,,,,,,,,,,,,,,19,FALSE
a0672,長谷川拓耶,東海エリア,正常,,退勤済み,2026-10-09 18:31:57に退勤,2026-10-09 10:53:47,2026-10-09 18:31:57,0,,,,0,,,,,,,,,,,,,,,,,FALSE
a0754,門脇駆,関東エリア,正常,,退勤済み,2026-10-03 22:14:14に退勤,2026-10-03 10:44:43,2026-10-03 22:14:14,0,,,,0,,,,,,,,,,,,,,,,,FALSE
a0956,阿部隆之介,関東エリア,正常,,退勤済み,2026-10-02 21:29:56に退勤,2026-10-02 21:18:18,2026-10-02 21:29:56,0,,,,0,,,,,,,,,,,,,,,,,FALSE
a0373,須藤隆成,東海エリア,正常,,退勤済み,2026-09-25 20:22:10に退勤,2026-09-24 16:45:49,2026-09-25 20:22:10,0,,,,0,,,,,,,,,,,,,,,,,FALSE
a0101,高林大夢,東北エリア,正常,,出勤中,2026-10-09 18:29:54に出勤（退勤報告待ち）,2026-10-09 18:29:54,2026-10-07 22:41:55,0,,,,0,,,,,,,,,,,,,,,,,FALSE
a0658,高橋崇大,関東エリア,正常,,退勤済み,2026-10-09 18:07:44に退勤,2026-10-09 12:49:58,2026-10-09 18:07:44,0,,,,0,,,,,,,,,,,,,,,,,FALSE
a0679,高橋雄多,東北エリア,要対応,🚨,出勤放置中,2026-10-09 11:12:25に出勤後、9.6時間経過しても退勤報告なし,2026-10-09 11:12:25,2026-10-08 08:58:45,0,,,,0,,,,,,,,,,,,,,,,,FALSE
a0966,鳥海美香,関東エリア,要対応,🚨,出勤放置中,2026-09-03 19:06:06に出勤後、865.7時間経過しても退勤報告なし,2026-09-03 19:06:06,,0,,,,0,,,,,,,,,,,,,,,,36,FALSE
a0950,齋藤佳輝,北海道エリア,未打刻,,未打刻,対象期間内に出勤報告なし,,2026-09-02 20:01:28,0,,,,0,,,,,,,,,,,,,,,,,FALSE
a0994,龍崎響,関東エリア,要対応,🚨,出勤放置中,2026-09-24 14:15:12に出勤後、366.5時間経過しても退勤報告なし,2026-09-24 14:15:12,2026-09-24 13:22:48,0,,,,0,,,,,,,,,,,,,,,,15,FALSE
