Timestamp,法人名（新規接触法人）,接触日,流入経路（初回接触の場合のみ）,リファラル紹介者名,先方の稼働メインエリア,対象チャネル（事業）,折衝カテゴリ,連絡種別,案件ステータス,内容（要点）,次回アクション,期限（次回アクション日）,先方担当者,提案内容,補足（全文）,関連リンク,Email Address,対応済
8/31/2026 20:28:42,テスト,8/31/2026,Instagram,小宮山,"愛知, 長野",スマートハウス,パートナー商談・契約（開拓・応募〜稼働開始）,MTG,アポ獲得,テスト入力,ミーティングの設定。ここはiPhoneで音声入力しました。,9/2/2026,たじま様,当社事業とスマートハウス事業のパートナー募集要項の説明,,,,FALSE
9/1/2026 11:18:11,合同会社HighLight,8/31/2026,リファラル,株式会社JINNOVA　栗山社長,鹿児島,スマートハウス,パートナー商談・契約（開拓・応募〜稼働開始）,MTG,各種事務手続き中,契約締結待ち、人材提案待ち。 1週間に1度進捗確認。,LINEグループにて販売員登録,9/1/2026,加治屋社長,パートナーとして蓄電池の稼働をしていただく,,,,TRUE
9/1/2026 12:14:53,株式会社Face,9/1/2026,Instagram,,"大阪, 兵庫（加古川）",スマートハウス,パートナー商談・契約（開拓・応募〜稼働開始）,MTG,商談・提案中,通信でソフトバンクの一次請けして口座も持っているが4割カット。撤退も視野のため、新たな収益基盤として再エネ事業に関心あり,社内での情報展開・共有後のフィードバックを確認。必要に応じて二次面談,9/8/2026,坊野様,スマートハウス事業のパートナー募集要項。通信代理店からの切り替えでの成功事例、未経験者からの立ち上げ事例。教育研修体制・営業支援体制（Cyzen、AIなど）,新たな収益の柱として、マンション清掃事業をやられており、合計5名、社用車３台で稼働中。これらの空き人員を平日PM稼働。土日は清掃がないので全稼働のような形で実施できれば、既存事業との共存もでき、良いのではないかとのコメントが坊野様よりあり。,https://app.notta.ai/7335910788659003392/folders/0/a919e916-43bc-41b1-8275-3a9123b9533c,,TRUE
9/1/2026 13:30:11,株式会社セブンシーズ,8/25/2026,Instagram,,東京,スマートハウス,パートナー商談・契約（開拓・応募〜稼働開始）,MTG,商談・提案中,太陽光・蓄電の事業に興味あり。通信よりかは稼げそうというイメージ,代表と一緒に資料をご覧いただいた感想・フィードバック,9/1/2026,北島様,通信代理店から移行してきて売上増になったケース。通信から移行する際にどういう人材が伸びて適性があるか。,3〜4年前に太陽光事業から撤退されたらしくそこの理由は聞きたい。（懸念点があれば解消材料を用意）,https://app.notta.ai/7335910788659003392/dashboard/03782b0b-3298-4236-9243-667a14b75cf2,,TRUE
9/1/2026 13:45:47,株式会社セブンシーズ,9/1/2026,Instagram,,東京,スマートハウス,パートナー商談・契約（開拓・応募〜稼働開始）,SNS,先方検討中,商談から１週間経ったのでリマインドの連絡送付,リマインドと現時点での実施意向の回収,9/3/2026,北島様,,"次の文章をリマインド送付。

株式会社セブンシーズ
北島様

お世話になっております。Fit Founderの小宮山です。

8/25はお時間をいただき、ありがとうございました。お約束しておりました通り、その後の状況についてご連絡させていただきました。

・代表の方と資料をご覧いただいた際の感想・ご意見
・以前(3〜4年前)太陽光事業から一度撤退されたご事情について。
・もし当時の懸念点が今回のご検討にも関わるようでしたら、解消できる材料をご用意いたしますのでお教えくださいませ

現時点での率直な温度感含めまして、ご都合の良い際に、ご連絡、ご返信いただけますと幸いです。

何卒よろしくお願いいたします。",,,TRUE
9/1/2026 14:11:06,テスト,9/1/2026,その他,,テスト,スマートハウス,その他,SNS,,テスト,テスト,9/9/2026,,,,,,FALSE
9/4/2026 12:51:42,アップコム株式会社,9/3/2026,Instagram,,全国,スマートハウス,パートナー商談・契約（開拓・応募〜稼働開始）,MTG,契約見送り,人材派遣会社で派遣業がメイン。業務委託もやっているが、所謂人出しがメインであるため、自社で営業組織を構えて代理店運営していく方向はない。,資料送付までは完了しているため、特になし,9/4/2026,石井様、板谷様,スマートハウスパートナー募集要項、自社説明、なぜこの業界に参入するのが良いか,契約には至らなかったが、通信関係の案件受託メインでこれに変わるかたちで人材派遣できる内容を探してそう,https://app.notta.ai/7335910788659003392/folders/0/d30e25e6-f724-40ec-a54a-7270d48be54c,k.komiyama@fit-founder.net,TRUE
9/7/2026 12:42:40,株式会社Face,9/7/2026,,,"大阪, 兵庫",スマートハウス,パートナー商談・契約（開拓・応募〜稼働開始）,電話,先方検討中,平日2.5日、1名稼働にて前向きに検討中。そのためのおおよそのアポ数・成約率・入金タイミング。固定支援費についても頭出し,先方社内にて検討・決裁まち,9/14/2026,坊野様,,,,k.komiyama@fit-founder.net,TRUE
9/7/2026 13:48:19,株式会社NECT,7/31/2026,Instagram,,"東京, 愛知",スマートハウス,パートナー商談・契約（開拓・応募〜稼働開始）,MTG,商談・提案中,1名〜2名で稼働したい。訪販経験者あり。訪販に興味のある稼ぎたいメンバーをアサインする。方向性は前向き,先方社内での決裁・人のアサイン状況を確認,8/31/2026,山藤様,,LINEグループ招待済み,,k.komiyama@fit-founder.net,TRUE
9/7/2026 13:54:26,株式会社NECT,9/7/2026,,,"東京, 愛知",スマートハウス,パートナー商談・契約（開拓・応募〜稼働開始）,LINE,先方検討中,1名当社に提案中の稼働予定者が稼働見送り。新たに人員選定中。,選定状況の再確認。（そもそも集まりそうかも含めて）,9/11/2026,山藤様,,事務手続き（契約書・取引先申請書）はまだ。稼働予定者の提案見送り原因は、「本人個人の訪販へのチャレンジ意欲はあったものの、勤務曜日、時間を家族から同意得られなかったこと。」なお、また、NECTのグループ会社の子会社化により子会社からNECT側へ人材流入が予定されているため、随時新たな人材の面談も実施中とのことからこちらの動向を追う。,,k.komiyama@fit-founder.net,TRUE
9/10/2026 17:08:13,lotus株式会社,9/10/2026,Instagram,,"東京, 愛知",スマートハウス,パートナー商談・契約（開拓・応募〜稼働開始）,MTG,商談・提案中,東海をメインにドコモ案件（コンシュマー）をメインで取り扱う。創立五期目。現在関東にも支社を作り、通信一本槍であるところに対して、新規事業として立ち上げられるものとして、再エネ関連事業に関して協業できるのか興味あり。,検討状況確認（→決裁者巻き込んでの説明）,9/17/2026,"鞭馬様, 千葉翔太様",フルコミである点に懸念を示されていたため、条件付きで固定支援費制度を使える旨もご提案。,営業部長の千葉様は関東に来ることも多いかつ訪販経験者。,https://www.instagram.com/llama.49317577/,k.komiyama@fit-founder.net,TRUE
9/10/2026 17:12:00,井上推進,9/9/2026,,,北海道,スマートハウス,研修,MTG,,辻さんご挨拶とCyzenの打刻のWEB研修,辻さんが9/25に北海道訪問,9/10/2026,井上太治朗,,,https://app.notta.ai/7335910788659003392/folders/0/c159ddb5-4527-425e-8ddc-984a377f3a05,k.komiyama@fit-founder.net,TRUE
9/23/2026 11:56:45,株式会社セブンシーズ,9/17/2026,,,,,パートナー商談・契約（開拓・応募〜稼働開始）,その他,先方検討中,検討状況、進捗内容確認しているが、まだ反応なし,再度メッセージ。反応なければ優先度下げて対応する,9/25/2026,,,,,k.komiyama@fit-founder.net,TRUE
9/23/2026 11:59:04,lotus株式会社,9/18/2026,,,,,パートナー商談・契約（開拓・応募〜稼働開始）,LINE,先方検討中,LINEにて検討状況確認中。9月18日時点では反応なし,9/24に再度確認する。反応なければ優先度下げる,9/24/2026,,,,,k.komiyama@fit-founder.net,TRUE
9/23/2026 12:10:03,株式会社Zembet,9/18/2026,Instagram,,"大阪, 兵庫",スマートハウス,パートナー商談・契約（開拓・応募〜稼働開始）,LINE,商談・提案中,au光回線の営業代行を全国40名体制で展開する株式会社Zembet森様は、大阪拠点・人材事業部を持ち、今年中に太陽光・蓄電池市場への新規参入を検討中。,検討状況および他社との比較状況、具体的な事業開始タイミングの確認,9/30/2026,森たかひろ様,,森様は光回線の営業代行で実績を持ち、全国集客力・関西拠点もあることから、弊社パートナーとして親和性が非常に高い。関西エリアはほぼ未開拓のため、戦略的に優先して開拓できる可能性大。遅くとも今年中の参入を目指しており、10月末には契約締結できるよう引き続きフォローを継続する。https://www.threads.com/@ooo0ooddd?igshid=NTc4MTIwNjQ2YQ==,https://app.notta.ai/7335910788659003392/folders/0/6674bccb-7fd7-4d75-bf71-e7207305118e,k.komiyama@fit-founder.net,TRUE
9/23/2026 12:17:48,合同会社KTR,9/18/2026,Threads,,"福岡, 鹿児島, 九州エリア中心だが、全国でもOK",スマートハウス,パートナー商談・契約（開拓・応募〜稼働開始）,SNS,商談・提案中,"現在、テレマ＋訪問販売で月1,500件程度の実績を保有。代理店15～20社、総営業員100名以上の体制。本拠地は福岡、全国展開検討中で関東・関西がメイン。ニューロ案件が10月で終了予定のため、タイミングが合致。10月1日からの立ち上げも可能との意向。",先方側での内部検討（人員配置・商材への適性確認）状況の確認、当社役員紹介、契約前打ち合わせ、そのために一度連絡を送って契約前の意思確認を実施,9/24/2026,藤本様,,"藤本さんは当社グリーンエナジー事業部の佐藤さんと会食・面識あり
https://www.threads.com/@rhino.7615393?igshid=NTc4MTIwNjQ2YQ==",https://app.notta.ai/7335910788659003392/folders/0/45ab8b52-fdfe-4dda-9391-fae9c7a489c6,k.komiyama@fit-founder.net,TRUE
9/23/2026 12:20:23,株式会社Face,9/22/2026,,,,,パートナー商談・契約（開拓・応募〜稼働開始）,電話,各種事務手続き中,坊野様から電話あり。 10月初旬からの稼働開始に向け、稼働者を調整中。稼働予定者変更の旨を電話でいただく。,エリアが大阪・関西エリアを希望していることから、研修や教育体制の調整・確認を内部で実施する必要があり、それを元にして契約の案内を今週中に行う。,9/25/2026,坊野,,固定費支援制度については、現状のところは利用しない想定,,k.komiyama@fit-founder.net,TRUE
9/23/2026 13:23:25,株式会社Stein,9/23/2026,Threads,,"福岡, 鹿児島, 九州エリア",スマートハウス,パートナー商談・契約（開拓・応募〜稼働開始）,LINE,先方検討中,藤野様に検討状況確認中（10月頃にはたちあげたいとのご意志であったため）,意思確認後、契約・取引先申請、稼働予定エリア、人員などの情報を調達する,9/25/2026,藤野和馬,,先行して事業用太陽光（グリーンエナジー事業部連携）の引き合い・見積もり依頼をいただいていたが、こちらは条件合わずで見送りに＜9/15に共有あり＞,,k.komiyama@fit-founder.net,TRUE
9/28/2026 18:42:40,Axis Partners,9/28/2026,Instagram,,"東京, 愛知, 大阪",スマートハウス,パートナー商談・契約（開拓・応募〜稼働開始）,MTG,先方検討中,まだ個人事業主の段階で2027年1月に法人化予定。事業として検討するならそのタイミングか。太陽光・蓄電池の業界は携わっていないが関心あり,1~2週間後で検討状況や進め方の方向性などを確認,10/9/2026,竹本 巳伊瑠,当社概要、通信事業からピボットした当社やパートナー事例、太陽光・蓄電池販売業界の市場状況、パートナープログラム、どういう方に当該事業の立ち上げに適性があるか,"https://axispartners2026.info/
https://www.instagram.com/axispartners0",https://app.notta.ai/7335910788659003392/folders/0/43dce9e0-5eba-4020-81ac-a607b169a5a2,k.komiyama@fit-founder.net,FALSE
9/29/2026 17:29:13,株式会社CONNECT,9/29/2026,Instagram,,長崎県,スマートハウス,パートナー商談・契約（開拓・応募〜稼働開始）,MTG,先方検討中,節電カード「エネコン」のメーカー（14期目、エネコン事業は2年目）。代理店に卸す形で全国展開し、法人向けが中心。荒木様は10/1付で代表取締役に就任予定。エネコンとは切り分けて、個人向けリフォーム子会社（太陽光・蓄電池・エコキュート）の立ち上げを計画中で、まずは自社メンバーの直販で実績とノウハウを貯める方針。開始は当初11月想定だったが、年明けにずれる可能性あり。反応は「面白そう」「ちょうど考えていたタイミング」と前向き。,個人向け蓄電池事業の詳細資料と、今後の流れをまとめたものを送付。LINEグループを作成。10/1の社長就任に合わせてお祝いの連絡をし、当社役員・社長との面談日程を調整。稼働者の情報を受け取ったら、契約書の取り交わしと名刺の準備を進める。,10/6/2026,荒木春人,当社概要（月販約250件、パートナー約20社）、アポインター・クローザーの役割分担とテクノホームの施工体制、特約店名刺・販促物・研修（九州での約1か月の同行研修）の支援体制、報酬の仕組み（蓄電池1式約270万円、粗利4割、アポインターに粗利の30%）、その先の広げ方（クローザーへの昇格 → 二次店 → 優良店としてエリア統括）、創蓄の提案（パネル未設置の家向け）。,SNSをきっかけに当社を知り、関心を持っていただいた。八賀さんについても知っていて注目されている経営者の方、とのことで当社を知っていただいた同日15時から蓄電池メーカーと打ち合わせ予定（エネコンとの組み合わせで声がかかっている）で、競合になりうるので比較状況を確認したい。20時には子会社代表予定者と事業計画ミーティング。長崎は当社の実績がほぼないため、テクノホーム九州の施工対応を社内で要確認。長崎はパネル未設置の家が多く、創蓄の資料があると良い。報酬の数字（粗利率・30%）は伝え済みなので、条件書はこの数字とそろえること。,https://docs.google.com/document/d/1GtAC70CAHVSW6YmBNWOdpMKcJa6Vv1CUVZXZBEDNCl0/edit,k.komiyama@fit-founder.net,TRUE
9/29/2026 17:33:34,株式会社Zembet,9/29/2026,Instagram,,"大阪, 兵庫",スマートハウス,パートナー商談・契約（開拓・応募〜稼働開始）,LINE,契約合意,10〜11月から稼働希望との旨をいただく。2名。関西エリア中心。,各種事務手続きと辻さんとの対面MTGでのキックオフ等,10/6/2026,森孝博,,,,k.komiyama@fit-founder.net,TRUE
9/30/2026 20:10:57,合同会社KTR,9/28/2026,,,,,パートナー商談・契約（開拓・応募〜稼働開始）,LINE,契約見送り,社内検討の結果、当面はインターネット回線の販売に注力していく方針となったことから、契約は見送りとなりました。,見送りのためなし。,9/28/2026,,,今後、数ヶ月後に市場状況が変わって、新たな領域にチャレンジしたくなる可能性もあるので、接点はキープしたまま、情報提供などは継続する形にする。,,k.komiyama@fit-founder.net,TRUE
9/30/2026 20:15:29,田中こうき様,9/30/2026,Threads,,京都,"スマートハウス, スマートハウスであるが横断となる可能性あり",パートナー商談・契約（開拓・応募〜稼働開始）,MTG,商談・提案中,京都を拠点に、既存の飲食店などへテレアポで営業。キャッシュレス決済端末をアポの取りやすい入口の商材にして、フードデリバリーサービスなどと組み合わせて提案している。以前は8名体制で個人向けWi-Fiのテレアポ（契約まで電話で完結）をしていたが、前の取引先から報酬が支払われない問題が重なり、管理が負担になって現在は1人で稼働中。個人向けの商材は現在扱っていない。「商材単価と商材力を見直したい」「支払いがきちんとしている会社と組みたい」との意向。当社を知ったきっかけは、代表の令和の虎出演と名古屋グランパスのサポートカンパニー活動（本人がサッカー好き）。会社概要の説明中に通信障害が起きて中断したため、資料を送って後日15分ほどで続きを話すことで合意。,当社の会社説明資料とスマートハウス事業（個人向け太陽光・蓄電池のパートナー募集）の資料を送付。先方が資料を見て疑問点をまとめて返信 → 15分程度の続きの面談を設定し、パートナーの形と報酬の仕組みを説明する。,9/2/2026,田中こうき,,30分ほどの面談のうち、約18分で通信障害が起き中断。テレアポの経験（個人向けWi-Fiを電話で契約まで取った実績、以前は8名のチームを管理）があるため、当社のアポインター役として相性が良い可能性がある。前の取引先で報酬の未払いがあったため、報酬がいつどのように支払われるかを丁寧に示すことが信頼につながる。京都出身で地元の営業に抵抗がなく、10月からの関西強化とタイミングが合う。現状は1人で稼働しているため、稼働できる量と、チーム・営業組織を再び組むつもりがあるかは次回確認したい。,https://docs.google.com/document/d/1puouuIODnUobeHw2-tVQdrEWmOUn5jzqkyCKw00D_Tg/edit,k.komiyama@fit-founder.net,TRUE
10/5/2026 10:39:21,田中こうき,10/4/2026,,,京都,スマートハウス,パートナー商談・契約（開拓・応募〜稼働開始）,LINE,各種事務手続き中,10/4にLINEにて辻さんおよび関西の教育担当パートナーとの顔合わせMTGが実施されることとなった,10/6にMTG実施,10/6/2026,,,,,k.komiyama@fit-founder.net,FALSE
10/5/2026 10:42:26,株式会社Zembet,9/30/2026,,,,,パートナー商談・契約（開拓・応募〜稼働開始）,LINE,契約合意,辻さんとのMTGを10/9に実施予定で合意,10/9の12時〜MTG,10/9/2026,,,,,k.komiyama@fit-founder.net,FALSE
10/7/2026 13:08:51,田中こうき,10/6/2026,,,京都,スマートハウス,パートナー商談・契約（開拓・応募〜稼働開始）,MTG,各種事務手続き中,辻さんと教育を担当されるSTORIA若井さんとの顔合わせ。10/16から稼働開始予定,契約締結、Slack招待、Cyzen発行、名刺発注,10/15/2026,田中こうき,,,,k.komiyama@fit-founder.net,FALSE
10/7/2026 13:11:21,株式会社NECT,10/5/2026,,,"福岡, 鹿児島, 九州",スマートハウス,問い合わせ,LINE,,稼働候補者が1人出ているが、福岡行けるかの質問。当社としては鹿児島なら受け入れ可能とお伝え。,稼働意向あるのかの後追い,10/9/2026,山藤,,,,k.komiyama@fit-founder.net,FALSE
10/7/2026 13:13:07,株式会社Stein,10/1/2026,,,,,パートナー商談・契約（開拓・応募〜稼働開始）,LINE,契約見送り,条件合わず契約見送り。自社でメーカからの調達までやりたいとのこと（難しいと思うが）,特になし,10/1/2026,,,,,k.komiyama@fit-founder.net,FALSE
10/7/2026 13:15:33,株式会社Face,10/5/2026,,,,スマートハウス,パートナー商談・契約（開拓・応募〜稼働開始）,LINE,契約見送り,稼働者の調整がつかず見送り。,特になし,10/6/2026,坊野,,辻さんより通信の特殊販路未経験案件をフックに、今後のパートナー候補としての見込みリードとして押さえとく意図で、情報提供中。,,k.komiyama@fit-founder.net,TRUE
10/8/2026 15:10:29,株式会社ライフライン,10/8/2026,Instagram,,愛知,スマートハウス,パートナー商談・契約（開拓・応募〜稼働開始）,MTG,商談・提案中,東海４県（一部東京もあり）でウォーターサーバー（6名体制）、ドコモのショップ販売・催事案件（4名）を少数精鋭で営む。太陽光・蓄電池の業界に関心があり、現在少人数だが会社のスケールUP、規模拡大を目指している,検討状況確認・決裁者MTG設定,10/15/2026,和田凛太郎,パートナー募集要項、インセンティブ、成約状況、新規パートナーの立ち上がり状況,提案内容や取り組み事項に関しての先方の印象は良い感じ、ただ決裁者がどう言う判断となるかはわからないため、なぜこの会社が参画することにメリットがあるのかもいずれかのタイミングでプッシュする必要あり。,,k.komiyama@fit-founder.net,FALSE
,,,,,,,,,,,,,,,,,,FALSE
,,,,,,,,,,,,,,,,,,FALSE
,,,,,,,,,,,,,,,,,,FALSE
,,,,,,,,,,,,,,,,,,FALSE
,,,,,,,,,,,,,,,,,,FALSE
,,,,,,,,,,,,,,,,,,FALSE
,,,,,,,,,,,,,,,,,,FALSE
,,,,,,,,,,,,,,,,,,FALSE
,,,,,,,,,,,,,,,,,,FALSE
,,,,,,,,,,,,,,,,,,FALSE
,,,,,,,,,,,,,,,,,,FALSE
,,,,,,,,,,,,,,,,,,FALSE
,,,,,,,,,,,,,,,,,,FALSE
,,,,,,,,,,,,,,,,,,FALSE
,,,,,,,,,,,,,,,,,,FALSE
,,,,,,,,,,,,,,,,,,FALSE
,,,,,,,,,,,,,,,,,,FALSE
,,,,,,,,,,,,,,,,,,FALSE
,,,,,,,,,,,,,,,,,,FALSE
,,,,,,,,,,,,,,,,,,FALSE
,,,,,,,,,,,,,,,,,,FALSE
,,,,,,,,,,,,,,,,,,FALSE
,,,,,,,,,,,,,,,,,,FALSE
,,,,,,,,,,,,,,,,,,FALSE
,,,,,,,,,,,,,,,,,,FALSE
,,,,,,,,,,,,,,,,,,FALSE
,,,,,,,,,,,,,,,,,,FALSE
,,,,,,,,,,,,,,,,,,FALSE
,,,,,,,,,,,,,,,,,,FALSE
,,,,,,,,,,,,,,,,,,FALSE
,,,,,,,,,,,,,,,,,,FALSE
,,,,,,,,,,,,,,,,,,FALSE
,,,,,,,,,,,,,,,,,,FALSE
,,,,,,,,,,,,,,,,,,FALSE
,,,,,,,,,,,,,,,,,,FALSE
,,,,,,,,,,,,,,,,,,FALSE
,,,,,,,,,,,,,,,,,,FALSE
,,,,,,,,,,,,,,,,,,FALSE
,,,,,,,,,,,,,,,,,,FALSE
,,,,,,,,,,,,,,,,,,FALSE
,,,,,,,,,,,,,,,,,,FALSE
,,,,,,,,,,,,,,,,,,FALSE
,,,,,,,,,,,,,,,,,,FALSE
,,,,,,,,,,,,,,,,,,FALSE
,,,,,,,,,,,,,,,,,,FALSE
,,,,,,,,,,,,,,,,,,FALSE
,,,,,,,,,,,,,,,,,,FALSE
,,,,,,,,,,,,,,,,,,FALSE
,,,,,,,,,,,,,,,,,,FALSE
,,,,,,,,,,,,,,,,,,FALSE
,,,,,,,,,,,,,,,,,,FALSE
,,,,,,,,,,,,,,,,,,FALSE
,,,,,,,,,,,,,,,,,,FALSE
,,,,,,,,,,,,,,,,,,FALSE
,,,,,,,,,,,,,,,,,,FALSE
,,,,,,,,,,,,,,,,,,FALSE
,,,,,,,,,,,,,,,,,,FALSE
,,,,,,,,,,,,,,,,,,FALSE
,,,,,,,,,,,,,,,,,,FALSE
,,,,,,,,,,,,,,,,,,FALSE
,,,,,,,,,,,,,,,,,,FALSE
,,,,,,,,,,,,,,,,,,FALSE
,,,,,,,,,,,,,,,,,,FALSE
,,,,,,,,,,,,,,,,,,FALSE
,,,,,,,,,,,,,,,,,,FALSE
,,,,,,,,,,,,,,,,,,FALSE
,,,,,,,,,,,,,,,,,,FALSE
,,,,,,,,,,,,,,,,,,FALSE
,,,,,,,,,,,,,,,,,,FALSE
,,,,,,,,,,,,,,,,,,FALSE
,,,,,,,,,,,,,,,,,,FALSE
,,,,,,,,,,,,,,,,,,FALSE
,,,,,,,,,,,,,,,,,,FALSE
,,,,,,,,,,,,,,,,,,FALSE
,,,,,,,,,,,,,,,,,,FALSE
,,,,,,,,,,,,,,,,,,FALSE
,,,,,,,,,,,,,,,,,,FALSE
,,,,,,,,,,,,,,,,,,FALSE
,,,,,,,,,,,,,,,,,,FALSE
,,,,,,,,,,,,,,,,,,FALSE
,,,,,,,,,,,,,,,,,,FALSE
,,,,,,,,,,,,,,,,,,FALSE
,,,,,,,,,,,,,,,,,,FALSE
,,,,,,,,,,,,,,,,,,FALSE
,,,,,,,,,,,,,,,,,,FALSE
,,,,,,,,,,,,,,,,,,FALSE
,,,,,,,,,,,,,,,,,,FALSE
,,,,,,,,,,,,,,,,,,FALSE
,,,,,,,,,,,,,,,,,,FALSE
,,,,,,,,,,,,,,,,,,FALSE
,,,,,,,,,,,,,,,,,,FALSE
,,,,,,,,,,,,,,,,,,FALSE
,,,,,,,,,,,,,,,,,,FALSE
,,,,,,,,,,,,,,,,,,FALSE
,,,,,,,,,,,,,,,,,,FALSE
,,,,,,,,,,,,,,,,,,FALSE
,,,,,,,,,,,,,,,,,,FALSE
,,,,,,,,,,,,,,,,,,FALSE
,,,,,,,,,,,,,,,,,,FALSE
,,,,,,,,,,,,,,,,,,FALSE
